Time;Set robot speed along X axis;Set robot speed along Y axis;Set rotational robot velocity;1st motor set speed;2st motor set speed;3st motor set speed;1st motor position;2nd motor position;3rd motor position;1st motor velocity;2nd motor velocity;3rd motor velocity;1st motor current;2nd motor current;3rd motor current;X axis current;Y axis curent;Rotational current;X axis global position;Y axis global position;Angle;Delta X axis local position;Delta Y axis local position;Delta angle;
ms;m/s;m/s;rad/s;rad/s;rad/s;rad/s;ticks;ticks;ticks;rad/s;rad/s;rad/s;A;A;A;A;A;A;pix;pix;deg;mm;mm;deg;
t;xsetspeed;ysetspeed;setvel;m1setvel;m2setvel;m3setvel;m1pos;m2pos;m3pos;m1vel;m2vel;m3vel;m1cur;m2cur;m3cur;xcur;ycur;rotcur;xpos;ypos;ang;dx;dy;dang;
0.0117;0.281908;-0.102606;0;-118.177;41.0424;77.1345;0;0;0;0;0;0;0;0;0;0;0;0;636.681;876.967;17.9285;-0;0;0;
30.2839;0.281908;-0.102606;0;-118.177;41.0424;77.1345;0;1;0;0;0;0;0.025641;0.025641;0.025641;0;0;0;636.681;876.967;17.9285;-0;0;0;
62.2928;0.281908;-0.102606;0;-118.177;41.0424;77.1345;0;1;0;0;0;0;0.025641;0.025641;0.025641;0;0;0;636.905;876.744;18.3049;0.260934;-0.520082;0.37644;
94.1086;0.281908;-0.102606;0;-118.177;41.0424;77.1345;0;1;0;0;0;0;0.025641;0.025641;0.025641;0;0;0;636.905;876.744;18.3049;-0;0;0;
125.111;0.281908;-0.102606;0;-118.177;41.0424;77.1345;-1125;370;790;-110.27;36.7566;84.823;1.41026;1;0.461538;1.08003;-0.982923;0.017094;636.01;877.191;18.3049;-0.263189;1.82211;7.62939e-06;
156.392;0.281908;-0.102606;0;-118.177;41.0424;77.1345;-2335;751;1598;-107.442;33.9292;70.6858;1.46154;0.692308;0.641026;1.21318;-0.735;-0.042735;636.01;876.072;19.0628;1.94266;-0.671292;0.757849;
187.417;0.281908;-0.102606;0;-118.177;41.0424;77.1345;-3581;1132;2412;-115.925;33.9292;67.8584;0.923077;0.871795;0.974359;1.09482;-0.56441;0.307692;637.8;873.835;18.1835;2.8773;-4.41264;-0.879244;
218.46;0.281908;-0.102606;0;-118.177;41.0424;77.1345;-4191;1332;2815;-107.442;39.5841;70.6858;0.897436;0.538462;1.05128;1.12441;-0.307923;0.230769;639.59;871.15;17.6761;3.69947;-4.63669;-0.507462;
249.891;0.281908;-0.102606;0;-118.177;41.0424;77.1345;-5450;1766;3593;-104.615;39.5841;79.1681;1.25641;0.205128;0.820513;1.19838;-0.281974;-0.0769231;640.261;869.807;17.9284;1.96641;-1.93458;0.252392;
282.006;0.281908;-0.102606;0;-118.177;41.0424;77.1345;-6689;2170;4397;-118.752;36.7566;70.6858;1.30769;0.794872;1.02564;1.34633;-0.624103;0.17094;640.485;867.57;18.1835;3.77684;-1.67402;0.255077;
313.315;0.281908;-0.102606;0;-118.177;41.0424;77.1345;-7303;2355;4778;-115.925;33.9292;67.8584;0.846154;0.846154;0.923077;1.02085;-0.538769;0.307692;641.604;865.556;17.6839;2.89937;-3.0856;-0.49958;
344.548;0.281908;-0.102606;0;-118.177;41.0424;77.1345;-8549;2747;5565;-110.27;36.7566;70.6858;0.846154;0.538462;1.10256;1.12441;-0.273769;0.264957;641.604;863.99;17.9298;2.73767;-0.885814;0.245846;
374.845;0.281908;-0.102606;0;-118.177;41.0424;77.1345;-9796;3161;6359;-113.097;33.9292;67.8584;0.948718;0.435897;1.10256;1.18359;-0.239513;0.196581;642.275;861.753;18.5513;3.50391;-2.47891;0.621536;
406.15;0.281908;-0.102606;0;-118.177;41.0424;77.1345;-10992;3588;7157;-104.615;33.9292;67.8584;1.12821;0.333333;0.923077;1.18359;-0.290641;0.042735;642.499;860.186;19.4378;2.57647;-1.34593;0.886517;
436.293;0.281908;-0.102606;0;-118.177;41.0424;77.1345;-11641;3789;7546;-110.27;33.9292;67.8584;1;0.384615;1;1.154;-0.256538;0.128205;642.722;858.62;19.3002;2.57969;-1.33974;-0.137669;
468.081;0.281908;-0.102606;0;-118.177;41.0424;77.1345;-12891;4199;8333;-110.27;39.5841;67.8584;1.10256;0.487179;1.28205;1.37592;-0.265179;0.222222;642.722;857.054;20.0636;2.70289;-0.987173;0.763464;
499.752;0.281908;-0.102606;0;-118.177;41.0424;77.1345;-14107;4611;9128;-104.615;36.7566;67.8584;1.02564;0.333333;1.02564;1.18359;-0.222333;0.111111;642.722;857.054;20.0636;0;0;0;
532.047;0.281908;-0.102606;0;-118.177;41.0424;77.1345;-14750;4829;9518;-107.442;39.5841;70.6858;0.948718;0.461538;0.820513;1.02085;-0.350538;0.111111;642.499;855.264;20.3216;3.22678;-0.755978;0.257938;
563.918;0.281908;-0.102606;0;-118.177;41.0424;77.1345;-15951;5237;10323;-107.442;39.5841;67.8584;1.33333;0.25641;0.897436;1.28715;-0.316179;-0.0598291;642.946;854.145;20.5752;1.63485;-1.49331;0.253603;
594.885;0.281908;-0.102606;0;-118.177;41.0424;77.1345;-17179;5643;11109;-107.442;33.9292;65.031;1.35897;0.74359;0.846154;1.27236;-0.666744;0.0769231;642.946;852.355;20.5752;3.07872;-1.15569;0;
626.078;0.281908;-0.102606;0;-118.177;41.0424;77.1345;-18419;6048;11919;-104.615;36.7566;73.5133;1.51282;0.538462;0.666667;1.25756;-0.640923;-0.102564;642.723;849.67;20.8353;4.75654;-1.36969;0.260111;
657.827;0.281908;-0.102606;0;-118.177;41.0424;77.1345;-19014;6246;12311;-107.442;36.7566;65.031;1.15385;0.435897;0.897436;1.18359;-0.376128;0.0598291;642.499;847.209;21.0646;4.36756;-1.2409;0.229269;
688.332;0.281908;-0.102606;0;-118.177;41.0424;77.1345;-20247;6643;13124;-104.615;33.9292;65.031;1.07692;0.615385;0.641026;0.991256;-0.555615;0.0598291;642.946;844.524;21.0647;4.30722;-2.54158;0.000135422;
718.289;0.281908;-0.102606;0;-118.177;41.0424;77.1345;-21496;7064;13944;-107.442;36.7566;67.8584;1.02564;0.384615;0.769231;1.03564;-0.341923;0.042735;643.17;842.062;21.5787;4.05344;-2.04598;0.513998;
750.088;0.281908;-0.102606;0;-118.177;41.0424;77.1345;-22100;7262;14331;-110.27;36.7566;67.8584;1.05128;0.512821;1;1.18359;-0.359128;0.153846;642.946;839.378;21.3185;4.74476;-1.40961;-0.260185;
782.003;0.281908;-0.102606;0;-118.177;41.0424;77.1345;-23345;7670;15137;-104.615;33.9292;67.8584;1.20513;0.435897;0.820513;1.16879;-0.418821;0.017094;642.946;837.364;21.2071;3.44912;-1.33832;-0.111374;
812.029;0.281908;-0.102606;0;-118.177;41.0424;77.1345;-24590;8081;15944;-110.27;36.7566;70.6858;0.74359;0.589744;0.871795;0.932077;-0.350667;0.239316;642.946;834.679;21.5727;4.58725;-1.81369;0.365519;
842.024;0.281908;-0.102606;0;-118.177;41.0424;77.1345;-25808;8460;16771;-104.615;33.9292;73.5133;0.717949;0.564103;0.589744;0.754539;-0.418949;0.145299;642.946;832.217;21.3185;4.21241;-1.64392;-0.25412;
871.615;0.281908;-0.102606;0;-118.177;41.0424;77.1345;-26450;8662;17176;-104.615;33.9292;73.5133;1.12821;0.74359;0.564103;0.976462;-0.68382;0.0598291;642.946;829.756;21.9505;4.19392;-1.69023;0.631918;
902.627;0.281908;-0.102606;0;-118.177;41.0424;77.1345;-27638;9042;17991;-107.442;33.9292;70.6858;1.33333;0.974359;0.74359;1.19838;-0.846282;0.128205;642.946;829.756;21.9505;0;0;0;
932.836;0.281908;-0.102606;0;-118.177;41.0424;77.1345;-28932;9416;18766;-118.752;36.7566;67.8584;0.666667;0.666667;1.33333;1.154;-0.222667;0.444444;644.065;826.4;21.9408;4.94998;-4.2137;-0.00965881;
964.589;0.281908;-0.102606;0;-118.177;41.0424;77.1345;-29580;9629;19172;-113.097;33.9292;67.8584;0.615385;0.512821;1;0.932077;-0.213974;0.299145;645.184;823.268;21.3185;4.61256;-4.01039;-0.622267;
996.808;0.281908;-0.102606;0;-118.177;41.0424;77.1345;-30812;10036;19980;-107.442;39.5841;70.6858;0.564103;0.333333;0.666667;0.710154;-0.188179;0.145299;645.184;821.03;22.2028;3.80594;-1.55339;0.88427;
1028.8;0.281908;-0.102606;0;-118.177;41.0424;77.1345;-32049;10455;20767;-101.788;36.7566;67.8584;1;0.358974;0.820513;1.05044;-0.299205;0.0598291;644.513;819.016;22.5708;3.89049;-0.279216;0.368015;
1060.1;0.281908;-0.102606;0;-118.177;41.0424;77.1345;-33289;10858;21562;-104.615;36.7566;67.8584;1.05128;0.615385;1.07692;1.22797;-0.401923;0.213675;644.065;817.674;23.2991;2.59088;-0.219007;0.728277;
1092.16;0.281908;-0.102606;0;-118.177;41.0424;77.1345;-33889;11056;21944;-115.925;33.9292;67.8584;1.10256;0.512821;0.794872;1.09482;-0.444513;0.0683761;643.617;816.108;23.1967;2.96921;-0.376339;-0.102385;
1124.18;0.281908;-0.102606;0;-118.177;41.0424;77.1345;-35129;11460;22763;-101.788;36.7566;73.5133;1.25641;0.538462;0.74359;1.154;-0.529923;0.00854703;643.394;814.541;23.7229;2.80005;-0.780649;0.526152;
1155.55;0.281908;-0.102606;0;-118.177;41.0424;77.1345;-36370;11860;23581;-107.442;33.9292;70.6858;0.974359;0.641026;0.794872;1.02085;-0.487333;0.153846;642.946;812.304;22.8328;4.10809;-0.836121;-0.890045;
1187.23;0.281908;-0.102606;0;-118.177;41.0424;77.1345;-37580;12259;24394;-107.442;33.9292;70.6858;1.05128;0.641026;0.871795;1.10962;-0.487333;0.153846;643.841;810.066;22.8327;3.14937;-3.11317;-0.000137329;
1216.8;0.281908;-0.102606;0;-118.177;41.0424;77.1345;-38228;12457;24787;-107.442;33.9292;70.6858;1.02564;0.358974;0.820513;1.06523;-0.307744;0.051282;644.289;807.381;22.8328;4.22676;-2.67326;0.000125885;
1248.77;0.281908;-0.102606;0;-118.177;41.0424;77.1345;-39489;12865;25600;-110.27;33.9292;67.8584;0.948718;0.641026;0.692308;0.946872;-0.512949;0.128205;645.184;804.696;22.8328;3.90695;-3.43226;1.14441e-05;
1279.22;0.281908;-0.102606;0;-118.177;41.0424;77.1345;-40711;13266;26402;-115.925;36.7566;67.8584;0.871795;0.641026;0.948718;1.05044;-0.401949;0.239316;645.855;802.235;23.2009;3.66943;-2.91692;0.368055;
1308.87;0.281908;-0.102606;0;-118.177;41.0424;77.1345;-41353;13477;26787;-115.925;33.9292;67.8584;0.948718;0.384615;1;1.12441;-0.239462;0.145299;645.855;802.235;23.2009;0;0;0;
1341.16;0.281908;-0.102606;0;-118.177;41.0424;77.1345;-42560;13882;27596;-107.442;36.7566;67.8584;0.846154;0.641026;0.871795;0.991256;-0.419026;0.222222;646.302;799.774;23.4548;3.82032;-2.55523;0.25396;
1373.37;0.281908;-0.102606;0;-118.177;41.0424;77.1345;-43787;14280;28373;-101.788;39.5841;67.8584;1.30769;0.435897;0.666667;1.13921;-0.504205;-0.068376;646.526;797.76;23.0909;3.24176;-1.8298;-0.363914;
1404.88;0.281908;-0.102606;0;-118.177;41.0424;77.1345;-44420;14486;28792;-110.27;33.9292;67.8584;1.20513;0.717949;0.820513;1.16879;-0.606949;0.111111;645.855;795.522;24.0826;4.25696;-0.549454;0.991678;
1436.07;0.281908;-0.102606;0;-118.177;41.0424;77.1345;-45648;14874;29597;-115.925;33.9292;67.8584;1;0.564103;0.923077;1.10962;-0.401872;0.162393;645.855;793.061;23.4593;4.14781;-1.80014;-0.623331;
1467.86;0.281908;-0.102606;0;-118.177;41.0424;77.1345;-46898;15295;30362;-107.442;39.5841;73.5133;1.10256;0.282051;0.948718;1.18359;-0.239359;0.0427351;646.302;790.153;23.1967;4.58748;-2.86182;-0.262579;
1499.3;0.281908;-0.102606;0;-118.177;41.0424;77.1345;-48150;15720;31158;-107.442;39.5841;67.8584;1.02564;0.179487;0.717949;1.00605;-0.22218;-0.0427351;646.75;787.915;23.2008;3.45373;-2.37642;0.00415993;
1530.23;0.281908;-0.102606;0;-118.177;41.0424;77.1345;-48751;15917;31542;-104.615;33.9292;67.8584;0.974359;0.435897;1.10256;1.19838;-0.248051;0.188034;646.75;785.454;23.8226;4.13656;-1.82639;0.621729;
1560.25;0.281908;-0.102606;0;-118.177;41.0424;77.1345;-50002;16324;32355;-113.097;33.9292;70.6858;0.871795;0.564103;0.666667;0.887692;-0.444564;0.119658;646.302;783.887;24.0825;2.96314;-0.42224;0.259911;
1590.51;0.281908;-0.102606;0;-118.177;41.0424;77.1345;-51243;16724;33162;-110.27;33.9292;70.6858;1;0.487179;0.717949;0.991256;-0.418872;0.0683761;646.079;781.203;24.3461;4.66378;-1.65829;0.263596;
1620.95;0.281908;-0.102606;0;-118.177;41.0424;77.1345;-51852;16912;33554;-110.27;33.9292;67.8584;0.948718;0.615385;0.923077;1.08003;-0.419;0.196581;646.75;778.294;24.3428;4.35952;-3.32831;-0.00331116;
1652.76;0.281908;-0.102606;0;-118.177;41.0424;77.1345;-53098;17310;34358;-107.442;33.9292;65.031;1.25641;0.538462;0.794872;1.18359;-0.512846;0.025641;646.75;775.161;23.4593;5.27935;-2.29106;-0.883499;
1683.19;0.281908;-0.102606;0;-118.177;41.0424;77.1345;-54332;17714;35175;-107.442;33.9292;70.6858;0.948718;0.512821;0.410256;0.784128;-0.521359;-0.008547;646.75;773.371;23.9866;3.00449;-1.33684;0.527321;
1713.04;0.281908;-0.102606;0;-118.177;41.0424;77.1345;-54943;17913;35574;-110.27;36.7566;73.5133;1;0.384615;0.538462;0.887692;-0.410231;-0.025641;646.974;770.91;23.9832;3.96383;-2.21414;-0.00339127;
1743.44;0.281908;-0.102606;0;-118.177;41.0424;77.1345;-56208;18335;36392;-107.442;36.7566;76.3407;1;0.282051;0.794872;1.03564;-0.256436;0.025641;646.974;770.91;23.9832;0;0;0;
1775.72;0.281908;-0.102606;0;-118.177;41.0424;77.1345;-57406;18758;37202;-107.442;36.7566;70.6858;1.28205;0.461538;0.820513;1.21318;-0.461538;-1.98682e-08;646.974;765.093;24.3461;4.86854;-2.20294;0.623232;
1806.97;0.281908;-0.102606;0;-118.177;41.0424;77.1345;-58658;19155;37982;-113.097;36.7566;65.031;1.15385;0.358974;0.897436;1.18359;-0.32482;0.034188;646.974;765.093;24.3461;0;0;0;
1838.93;0.281908;-0.102606;0;-118.177;41.0424;77.1345;-59290;19363;38398;-104.615;33.9292;65.031;1.02564;0.538462;0.666667;0.976462;-0.478692;0.0598291;647.198;762.184;24.7101;4.6825;-2.60803;0.364002;
1870.74;0.281908;-0.102606;0;-118.177;41.0424;77.1345;-60498;19746;39206;-110.27;31.1018;70.6858;0.769231;0.897436;0.923077;0.976462;-0.547359;0.350427;646.974;759.946;24.6081;3.90867;-1.33725;-0.101982;
1902.79;0.281908;-0.102606;0;-118.177;41.0424;77.1345;-61744;20139;39985;-104.615;33.9292;73.5133;1.02564;0.615385;1.05128;1.19838;-0.401923;0.213675;646.974;757.709;24.608;3.7374;-1.71174;-0.000110626;
1933.47;0.281908;-0.102606;0;-118.177;41.0424;77.1345;-63000;20538;40788;-110.27;36.7566;67.8584;0.871795;0.564103;0.666667;0.887692;-0.444564;0.119658;646.302;755.695;24.9723;3.87527;-0.441941;0.364321;
1965.67;0.281908;-0.102606;0;-118.177;41.0424;77.1345;-63614;20739;41179;-110.27;39.5841;65.031;0.871795;0.487179;0.923077;1.03564;-0.307872;0.179487;647.197;753.681;25.5919;2.62521;-3.08365;0.619595;
1997.62;0.281908;-0.102606;0;-118.177;41.0424;77.1345;-64828;21161;41983;-104.615;36.7566;70.6858;1.4359;0.307692;1.02564;1.42031;-0.341846;-0.034188;646.75;751.891;25.949;3.3173;-0.698458;0.357143;
2029.44;0.281908;-0.102606;0;-118.177;41.0424;77.1345;-66071;21566;42793;-113.097;36.7566;70.6858;1.05128;0.641026;0.948718;1.154;-0.461718;0.179487;646.75;750.325;26.7463;2.56955;-1.29495;0.797306;
2061.7;0.281908;-0.102606;0;-118.177;41.0424;77.1345;-67262;21971;43598;-107.442;33.9292;73.5133;1.15385;0.641026;0.641026;1.03564;-0.598333;0.0427351;646.75;746.745;26.7464;2.38432;-1.66276;0.35935;
2093.55;0.281908;-0.102606;0;-118.177;41.0424;77.1345;-67898;22166;43991;-104.615;36.7566;67.8584;1.23077;0.512821;0.897436;1.22797;-0.453051;0.0598291;646.75;746.745;26.7464;0;0;0;
2124.28;0.281908;-0.102606;0;-118.177;41.0424;77.1345;-69098;22566;44810;-107.442;33.9292;76.3407;1.28205;0.846154;0.666667;1.12441;-0.769308;0.0769231;646.526;744.955;27.0138;3.11675;-1.12676;0.267454;
2156.34;0.281908;-0.102606;0;-118.177;41.0424;77.1345;-70327;22945;45607;-110.27;33.9292;70.6858;1.05128;0.615385;0.512821;0.902487;-0.589769;0.025641;647.198;742.941;26.6551;2.75214;-2.76383;-0.358671;
2186.1;0.281908;-0.102606;0;-118.177;41.0424;77.1345;-70972;23151;46026;-110.27;33.9292;67.8584;1.02564;0.487179;0.794872;1.05044;-0.401795;0.0854701;647.869;739.809;26.387;4.60642;-3.66434;-0.268131;
2216.24;0.281908;-0.102606;0;-118.177;41.0424;77.1345;-72190;23547;46813;-107.442;33.9292;70.6858;1.12821;0.589744;1.02564;1.24277;-0.427513;0.162393;648.316;736.9;26.1218;4.43531;-3.09225;-0.265198;
2248.09;0.281908;-0.102606;0;-118.177;41.0424;77.1345;-73457;23962;47596;-118.752;36.7566;70.6858;0.74359;0.564103;0.666667;0.813718;-0.401872;0.162393;648.764;734.662;26.131;3.32784;-2.54991;0.00915146;
2278.49;0.281908;-0.102606;0;-118.177;41.0424;77.1345;-74702;24371;48401;-104.615;33.9292;70.6858;1.23077;0.358974;0.820513;1.18359;-0.376051;-0.017094;648.54;732.425;26.7464;3.85616;-1.48221;0.615416;
2309.24;0.281908;-0.102606;0;-118.177;41.0424;77.1345;-75295;24575;48790;-107.442;33.9292;67.8584;1.28205;0.333333;0.717949;1.154;-0.41018;-0.0769231;647.869;731.083;27.8983;2.75771;-0.0622538;1.15196;
2341.39;0.281908;-0.102606;0;-118.177;41.0424;77.1345;-76527;24982;49604;-113.097;33.9292;70.6858;1;0.589744;0.666667;0.961667;-0.504359;0.0854701;647.645;728.621;27.55;4.19955;-1.72633;-0.348335;
2372.34;0.281908;-0.102606;0;-118.177;41.0424;77.1345;-77753;25383;50429;-110.27;36.7566;73.5133;0.974359;0.589744;0.615385;0.917282;-0.512897;0.0769231;647.645;726.16;27.2812;4.01864;-2.07251;-0.268753;
2403.11;0.281908;-0.102606;0;-118.177;41.0424;77.1345;-78365;25580;50822;-107.442;33.9292;73.5133;1.15385;0.564103;0.692308;1.06523;-0.529949;0.0341881;649.435;723.251;27.55;3.21427;-5.39253;0.268749;
2435.35;0.281908;-0.102606;0;-118.177;41.0424;77.1345;-79628;26013;51621;-107.442;36.7566;62.2035;0.974359;0.230769;0.74359;0.991256;-0.230769;0;649.659;721.014;27.281;3.46455;-2.25008;-0.269005;
2467.35;0.281908;-0.102606;0;-118.177;41.0424;77.1345;-80884;26446;52423;-110.27;36.7566;67.8584;1;0.128205;0.923077;1.10962;-0.111128;0.017094;649.435;718.776;28.4368;3.81085;-1.59537;1.15584;
2498.4;0.281908;-0.102606;0;-118.177;41.0424;77.1345;-82067;26847;53226;-98.9602;33.9292;70.6858;1.46154;0.641026;1.02564;1.4351;-0.572718;0.0683761;649.435;718.776;28.4368;0;0;0;
2529.23;0.281908;-0.102606;0;-118.177;41.0424;77.1345;-82715;27048;53615;-110.27;33.9292;76.3407;0.948718;0.74359;0.897436;1.06523;-0.513051;0.230769;648.987;716.539;29.3306;3.98723;-1.29559;0.893721;
2559.46;0.281908;-0.102606;0;-118.177;41.0424;77.1345;-83919;27451;54428;-104.615;36.7566;67.8584;1.46154;0.512821;0.820513;1.31674;-0.555513;-0.042735;648.54;714.973;29.6016;2.90854;-0.705259;0.271059;
2590.44;0.281908;-0.102606;0;-118.177;41.0424;77.1345;-85145;27836;55222;-104.615;36.7566;70.6858;1.76923;0.538462;0.769231;1.46469;-0.692154;-0.153846;648.316;713.183;29.874;3.05664;-1.28088;0.272427;
2620.29;0.281908;-0.102606;0;-118.177;41.0424;77.1345;-85770;28051;55642;-107.442;33.9292;70.6858;1.30769;0.487179;0.717949;1.16879;-0.521333;-0.034188;647.869;710.721;30.8334;4.30485;-1.61041;0.95937;
2652.15;0.281908;-0.102606;0;-118.177;41.0424;77.1345;-86974;28442;56467;-104.615;33.9292;67.8584;1.17949;0.666667;0.717949;1.09482;-0.598359;0.0683761;647.198;708.484;30.2149;4.17391;-1.00106;-0.618517;
2682.35;0.281908;-0.102606;0;-118.177;41.0424;77.1345;-88233;28833;57262;-107.442;33.9292;73.5133;0.820513;0.615385;0.794872;0.932077;-0.419;0.196581;647.421;705.127;29.874;5.14166;-3.4284;-0.340855;
2714.49;0.281908;-0.102606;0;-118.177;41.0424;77.1345;-88852;29041;57678;-110.27;33.9292;67.8584;0.923077;0.641026;0.74359;0.961667;-0.487333;0.153846;647.869;701.771;30.8334;4.87227;-3.8675;0.959354;
2745.24;0.281908;-0.102606;0;-118.177;41.0424;77.1345;-90098;29455;58463;-107.442;39.5841;70.6858;1.07692;0.307692;0.769231;1.06523;-0.307692;-1.98682e-08;647.198;699.31;30.4867;4.52335;-1.2294;-0.346722;
2777.3;0.281908;-0.102606;0;-118.177;41.0424;77.1345;-91351;29871;59285;-107.442;33.9292;65.031;1.05128;0.307692;0.538462;0.917282;-0.376;-0.0683761;646.75;696.625;30.8325;4.65776;-1.82098;0.345829;
2809.14;0.281908;-0.102606;0;-118.177;41.0424;77.1345;-92619;30279;60086;-118.752;31.1018;67.8584;0.769231;0.589744;0.846154;0.932077;-0.367744;0.222222;646.974;693.716;30.4966;4.39549;-3.06672;-0.335882;
2841.28;0.281908;-0.102606;0;-118.177;41.0424;77.1345;-93230;30476;60469;-107.442;36.7566;67.8584;0.666667;0.564103;0.769231;0.828513;-0.342103;0.222222;646.974;690.807;30.7709;4.59164;-2.73401;0.274279;
2871.49;0.281908;-0.102606;0;-118.177;41.0424;77.1345;-94479;30904;61282;-104.615;36.7566;70.6858;0.974359;0.230769;0.641026;0.932077;-0.264923;-0.034188;646.526;688.57;30.7601;3.95357;-1.3946;-0.0108395;
2902.57;0.281908;-0.102606;0;-118.177;41.0424;77.1345;-95736;31323;62091;-113.097;36.7566;67.8584;0.948718;0.410256;0.769231;0.991256;-0.33341;0.0769231;646.526;688.57;30.7601;0;0;0;
2934.48;0.281908;-0.102606;0;-118.177;41.0424;77.1345;-96942;31747;62869;-98.9602;36.7566;70.6858;1.38462;0.179487;0.871795;1.30195;-0.290487;-0.111111;646.526;686.556;31.3779;3.1585;-1.92629;0.617847;
2965.75;0.281908;-0.102606;0;-118.177;41.0424;77.1345;-97567;31964;63287;-104.615;39.5841;67.8584;1.33333;0.435897;0.589744;1.10962;-0.538359;-0.102564;646.302;684.99;32.2719;2.6529;-1.18822;0.893969;
2996.4;0.281908;-0.102606;0;-118.177;41.0424;77.1345;-98781;32379;64096;-110.27;33.9292;70.6858;0.897436;0.307692;0.820513;0.991256;-0.230846;0.0769231;645.855;683.2;31.9259;3.22669;-1.04004;-0.346008;
3027.78;0.281908;-0.102606;0;-118.177;41.0424;77.1345;-100031;32784;64877;-110.27;39.5841;70.6858;0.794872;0.307692;0.692308;0.858103;-0.239385;0.0683761;645.855;680.963;32.8082;3.45485;-2.2272;0.88237;
3059.36;0.281908;-0.102606;0;-118.177;41.0424;77.1345;-100659;33005;65300;-104.615;36.7566;70.6858;1.48718;0.384615;0.538462;1.16879;-0.572462;-0.188034;646.302;678.949;33.4183;2.6344;-2.72504;0.61002;
3089.42;0.281908;-0.102606;0;-118.177;41.0424;77.1345;-101873;33398;66096;-113.097;36.7566;70.6858;0.923077;0.538462;0.717949;0.946872;-0.427462;0.111111;646.302;676.711;33.0957;3.44372;-2.24456;-0.322598;
3121.55;0.281908;-0.102606;0;-118.177;41.0424;77.1345;-103129;33799;66901;-110.27;36.7566;67.8584;1.05128;0.641026;0.794872;1.06523;-0.512949;0.128205;646.302;674.026;32.8723;4.14296;-2.67736;-0.223396;
3152.79;0.281908;-0.102606;0;-118.177;41.0424;77.1345;-104385;34206;67701;-107.442;36.7566;62.2035;1;0.564103;0.871795;1.08003;-0.418949;0.145299;646.75;671.117;32.8082;4.04519;-3.5877;-0.0640297;
3184.13;0.281908;-0.102606;0;-118.177;41.0424;77.1345;-105002;34403;68084;-107.442;36.7566;67.8584;0.717949;0.410256;1.10256;1.05044;-0.145564;0.264957;646.974;668.209;33.1452;4.24918;-3.26663;0.337013;
3216.08;0.281908;-0.102606;0;-118.177;41.0424;77.1345;-106246;34814;68891;-104.615;33.9292;70.6858;1.23077;0.461538;0.717949;1.12441;-0.478615;-0.017094;646.302;666.419;33.0957;3.42956;-0.760638;-0.0495872;
3246.09;0.281908;-0.102606;0;-118.177;41.0424;77.1345;-107481;35212;69697;-107.442;33.9292;70.6858;1.05128;0.615385;0.794872;1.06523;-0.495846;0.119658;646.079;664.629;34.0308;2.95585;-1.49914;0.93512;
3276.53;0.281908;-0.102606;0;-118.177;41.0424;77.1345;-108075;35407;70082;-104.615;33.9292;67.8584;1.33333;0.487179;0.923077;1.30195;-0.461564;0.025641;645.407;662.391;33.6438;4.10656;-1.24891;-0.386982;
3308.41;0.281908;-0.102606;0;-118.177;41.0424;77.1345;-109307;35820;70870;-107.442;36.7566;67.8584;0.948718;0.487179;0.948718;1.09482;-0.324949;0.162393;645.407;662.391;33.6438;0;0;0;
3338.05;0.281908;-0.102606;0;-118.177;41.0424;77.1345;-110519;36227;71670;-107.442;36.7566;67.8584;0.820513;0.589744;0.871795;0.976462;-0.376282;0.213675;645.184;660.154;33.3595;3.65974;-1.91653;-0.284271;
3369.29;0.281908;-0.102606;0;-118.177;41.0424;77.1345;-111153;36421;72059;-101.788;36.7566;67.8584;1.25641;0.589744;1.15385;1.39072;-0.427513;0.162393;644.736;658.364;34.2472;3.18182;-1.16982;0.887695;
3401.24;0.281908;-0.102606;0;-118.177;41.0424;77.1345;-112374;36821;72857;-107.442;31.1018;70.6858;1.25641;0.564103;1.10256;1.36113;-0.427487;0.136752;644.289;655.679;34.2472;4.54103;-2.09517;-5.34058e-05;
3431.96;0.281908;-0.102606;0;-118.177;41.0424;77.1345;-113578;37215;73655;-104.615;36.7566;65.031;0.666667;0.589744;0.820513;0.858103;-0.342128;0.247863;644.289;653.218;33.9691;3.75003;-2.52648;-0.278049;
3462.7;0.281908;-0.102606;0;-118.177;41.0424;77.1345;-114838;37624;74433;-110.27;39.5841;70.6858;0.871795;0.307692;0.666667;0.887692;-0.273538;0.0341881;644.289;650.309;34.2472;4.41732;-3.00733;0.278049;
3493.94;0.281908;-0.102606;0;-118.177;41.0424;77.1345;-115446;37843;74856;-101.788;33.9292;67.8584;1.02564;0.25641;0.794872;1.05044;-0.247872;0.00854699;643.617;648.071;33.9722;4.09943;-1.27249;-0.274948;
3525.89;0.281908;-0.102606;0;-118.177;41.0424;77.1345;-116682;38246;75647;-104.615;33.9292;67.8584;1.30769;0.538462;0.692308;1.154;-0.564077;-0.025641;643.617;645.61;34.8014;3.71293;-2.58069;0.829151;
3557.93;0.281908;-0.102606;0;-118.177;41.0424;77.1345;-117928;38653;76455;-110.27;36.7566;67.8584;1.02564;0.435897;0.615385;0.946872;-0.427359;0.00854701;643.394;643.596;35.1338;3.26253;-1.79227;0.332424;
3589.98;0.281908;-0.102606;0;-118.177;41.0424;77.1345;-119168;39070;77250;-101.788;33.9292;67.8584;1.4359;0.384615;0.769231;1.27236;-0.478538;-0.0940171;642.946;641.359;35.1234;3.83601;-1.69136;-0.0103455;
3620.95;0.281908;-0.102606;0;-118.177;41.0424;77.1345;-119764;39271;77639;-104.615;33.9292;70.6858;1.02564;0.461538;1;1.16879;-0.316385;0.145299;642.051;638.674;35.4466;4.97383;-1.5188;0.323193;
3652.98;0.281908;-0.102606;0;-118.177;41.0424;77.1345;-121003;39684;78448;-107.442;36.7566;67.8584;1.20513;0.435897;0.717949;1.10962;-0.452974;-0.017094;641.38;636.66;35.4509;3.73029;-1.13951;0.00423813;
3683.44;0.281908;-0.102606;0;-118.177;41.0424;77.1345;-122244;40080;79256;-104.615;36.7566;67.8584;0.923077;0.564103;0.641026;0.902487;-0.47018;0.0940171;640.932;634.422;34.8012;3.84546;-1.66976;-0.649654;
3715.63;0.281908;-0.102606;0;-118.177;41.0424;77.1345;-122841;40278;79655;-104.615;33.9292;70.6858;1.12821;0.564103;0.487179;0.932077;-0.589718;-0.025641;640.485;631.737;35.6882;4.4869;-2.2087;0.886971;
3746.27;0.281908;-0.102606;0;-118.177;41.0424;77.1345;-124084;40689;80465;-110.27;36.7566;70.6858;1.07692;0.512821;0.820513;1.09482;-0.427436;0.0854701;639.814;629.276;35.3572;4.40257;-1.60911;-0.330959;
3778.46;0.281908;-0.102606;0;-118.177;41.0424;77.1345;-125295;41087;81291;-107.442;36.7566;73.5133;0.974359;0.564103;0.666667;0.946872;-0.478718;0.0854701;639.59;626.367;35.6882;4.58054;-2.78299;0.330944;
3810.29;0.281908;-0.102606;0;-118.177;41.0424;77.1345;-126557;41482;82069;-107.442;36.7566;67.8584;0.717949;0.384615;0.717949;0.828513;-0.256538;0.128205;639.59;623.906;35.408;3.6854;-2.61986;-0.280144;
3841.45;0.281908;-0.102606;0;-118.177;41.0424;77.1345;-127816;41900;82879;-110.27;33.9292;67.8584;0.564103;0.461538;0.820513;0.798923;-0.222462;0.239316;639.59;621.669;35.1734;3.36008;-2.36794;-0.234669;
3871.67;0.281908;-0.102606;0;-118.177;41.0424;77.1345;-128427;42100;83263;-107.442;33.9292;67.8584;1.07692;0.384615;1.12821;1.27236;-0.239462;0.145299;640.037;619.431;35.0805;2.89062;-3.03641;-0.0929031;
3903.71;0.281908;-0.102606;0;-118.177;41.0424;77.1345;-129676;42513;84055;-107.442;33.9292;70.6858;1.12821;0.461538;0.974359;1.21318;-0.359077;0.102564;639.59;618.089;35.7285;2.48313;-0.771746;0.64801;
3933.28;0.281908;-0.102606;0;-118.177;41.0424;77.1345;-130915;42924;84867;-104.615;36.7566;76.3407;1.46154;0.564103;0.871795;1.34633;-0.572641;-0.00854699;639.59;618.089;35.7285;0;0;0;
3963.42;0.281908;-0.102606;0;-118.177;41.0424;77.1345;-131495;43111;85262;-104.615;31.1018;67.8584;1.38462;0.666667;0.717949;1.21318;-0.666667;0;638.919;616.97;36.8334;2.38572;-0.243354;1.10493;
3995.39;0.281908;-0.102606;0;-118.177;41.0424;77.1345;-132736;43502;86071;-98.9602;36.7566;70.6858;1.25641;0.666667;1.20513;1.42031;-0.461744;0.205128;638.471;615.18;36.8334;3.1258;-1.3122;-3.43323e-05;
4027.46;0.281908;-0.102606;0;-118.177;41.0424;77.1345;-133972;43914;86879;-107.442;36.7566;73.5133;1;0.538462;0.871795;1.08003;-0.401846;0.136752;638.919;612.943;36.8336;2.79631;-3.12351;0.000190735;
4057.51;0.281908;-0.102606;0;-118.177;41.0424;77.1345;-134576;44109;87271;-107.442;33.9292;67.8584;0.948718;0.487179;0.820513;1.02085;-0.367641;0.119658;638.919;611.376;37.1136;2.29465;-1.73629;0.28009;
4088.39;0.281908;-0.102606;0;-118.177;41.0424;77.1345;-135829;44506;88077;-115.925;36.7566;67.8584;0.615385;0.615385;1.12821;1.00605;-0.239692;0.376068;638.695;609.586;37.39;2.86284;-1.6697;0.276348;
4120.45;0.281908;-0.102606;0;-118.177;41.0424;77.1345;-137033;44923;88868;-104.615;39.5841;65.031;1.02564;0.487179;0.948718;1.13921;-0.350564;0.136752;638.247;607.573;38.2955;3.41392;-1.64628;0.90546;
4152.45;0.281908;-0.102606;0;-118.177;41.0424;77.1345;-137680;45123;89254;-113.097;36.7566;67.8584;1.07692;0.435897;1;1.19838;-0.316359;0.119658;638.247;606.23;38.548;1.92898;-1.53701;0.252506;
4183.44;0.281908;-0.102606;0;-118.177;41.0424;77.1345;-138916;45547;90065;-110.27;36.7566;67.8584;1.28205;0.25641;0.820513;1.21318;-0.324718;-0.0683761;637.8;605.111;39.3734;2.11126;-0.667113;0.82542;
4215.38;0.281908;-0.102606;0;-118.177;41.0424;77.1345;-140122;45943;90834;-104.615;36.7566;65.031;1.10256;0.512821;1.05128;1.24277;-0.359128;0.153846;637.576;603.769;39.1059;2.17367;-1.23617;-0.267452;
4246.47;0.281908;-0.102606;0;-118.177;41.0424;77.1345;-141371;46363;91648;-115.925;39.5841;73.5133;1.20513;0.307692;0.564103;1.02085;-0.418692;-0.111111;637.352;602.65;39.6651;1.84497;-0.994862;0.559177;
4278.29;0.281908;-0.102606;0;-118.177;41.0424;77.1345;-141958;46574;92066;-104.615;36.7566;67.8584;1.33333;0.435897;0.871795;1.27236;-0.444436;-0.00854701;636.905;600.86;39.9134;3.05086;-1.47832;0.248264;
4309.36;0.281908;-0.102606;0;-118.177;41.0424;77.1345;-143225;46971;92862;-104.615;33.9292;70.6858;1.15385;0.769231;0.846154;1.154;-0.615538;0.153846;637.352;599.07;40.5209;1.96467;-2.76271;0.607555;
4340.44;0.281908;-0.102606;0;-118.177;41.0424;77.1345;-144480;47396;93649;-107.442;36.7566;67.8584;0.974359;0.333333;0.897436;1.08003;-0.247949;0.0854701;637.352;597.056;41.3567;2.77693;-2.44446;0.835777;
4371.33;0.281908;-0.102606;0;-118.177;41.0424;77.1345;-145722;47814;94433;-113.097;36.7566;67.8584;1.02564;0.435897;1.10256;1.22797;-0.265128;0.17094;637.576;595.49;41.0635;1.89908;-2.20073;-0.293236;
4403.33;0.281908;-0.102606;0;-118.177;41.0424;77.1345;-146325;48016;94813;-107.442;39.5841;70.6858;1;0.487179;0.923077;1.10962;-0.350564;0.136752;636.681;593.924;42.1991;3.23811;-0.712634;1.13565;
4435.34;0.281908;-0.102606;0;-118.177;41.0424;77.1345;-147560;48430;95608;-104.615;33.9292;70.6858;1.07692;0.487179;0.897436;1.13921;-0.384718;0.102564;635.562;592.581;42.7518;3.20877;-0.162236;0.552704;
4467.28;0.281908;-0.102606;0;-118.177;41.0424;77.1345;-148798;48838;96417;-104.615;36.7566;67.8584;1.25641;0.435897;0.74359;1.154;-0.461513;-0.025641;634.667;591.239;43.5988;2.92212;-0.507959;0.847019;
4497.16;0.281908;-0.102606;0;-118.177;41.0424;77.1345;-149393;49039;96804;-110.27;36.7566;67.8584;1.38462;0.384615;1;1.37592;-0.384615;0;634.667;591.239;43.5988;0;0;0;
4527.07;0.281908;-0.102606;0;-118.177;41.0424;77.1345;-150622;49451;97615;-104.615;36.7566;70.6858;1.23077;0.564103;0.794872;1.16879;-0.52141;0.042735;634.22;589.896;43.5987;2.35406;-1.10433;-0.000183105;
4558.23;0.281908;-0.102606;0;-118.177;41.0424;77.1345;-151825;49844;98425;-104.615;36.7566;70.6858;1;0.589744;0.512821;0.872898;-0.55559;0.0341881;632.877;587.211;43.5988;5.27618;-1.6123;0.000164032;
4589.32;0.281908;-0.102606;0;-118.177;41.0424;77.1345;-152466;50052;98812;-110.27;33.9292;67.8584;1.20513;0.512821;0.794872;1.154;-0.478667;0.0341881;632.206;584.974;43.0295;3.84776;-1.90205;-0.569286;
4619.49;0.281908;-0.102606;0;-118.177;41.0424;77.1345;-153660;50456;99624;-107.442;33.9292;73.5133;1.23077;0.615385;0.717949;1.12441;-0.581231;0.034188;631.983;582.736;43.5988;3.26085;-2.53648;0.569305;
4651.45;0.281908;-0.102606;0;-118.177;41.0424;77.1345;-154901;50854;100404;-107.442;36.7566;67.8584;1.33333;0.717949;0.846154;1.25756;-0.641103;0.0769231;631.759;580.051;43.6015;3.8561;-3.10362;0.0026207;
4682.68;0.281908;-0.102606;0;-118.177;41.0424;77.1345;-156139;51268;101209;-113.097;36.7566;70.6858;1.10256;0.461538;1.10256;1.27236;-0.307846;0.153846;630.864;578.261;43.8769;3.51225;-1.09197;0.275406;
4714.55;0.281908;-0.102606;0;-118.177;41.0424;77.1345;-156744;51465;101616;-101.788;33.9292;62.2035;0.820513;0.564103;0.871795;0.976462;-0.35918;0.205128;630.193;576.471;44.1548;3.21996;-1.40438;0.277885;
4745.13;0.281908;-0.102606;0;-118.177;41.0424;77.1345;-158009;51889;102421;-107.442;36.7566;67.8584;1.20513;0.641026;0.820513;1.16879;-0.555641;0.0854701;629.745;574.905;46.707;2.57261;-1.52956;2.55222;
4776.56;0.281908;-0.102606;0;-118.177;41.0424;77.1345;-159264;52290;103226;-107.442;39.5841;73.5133;0.897436;0.461538;1;1.09482;-0.273692;0.188034;629.297;572.891;46.6926;3.13699;-2.12726;-0.01437;
4806.47;0.281908;-0.102606;0;-118.177;41.0424;77.1345;-159865;52494;103614;-107.442;36.7566;67.8584;1.15385;0.384615;0.846154;1.154;-0.359;0.025641;629.297;570.877;46.6845;2.53803;-2.69183;-0.00808334;
4837.27;0.281908;-0.102606;0;-118.177;41.0424;77.1345;-161100;52910;104415;-113.097;36.7566;67.8584;1.33333;0.589744;0.871795;1.27236;-0.547051;0.042735;628.85;569.088;47.2511;2.83692;-1.8557;0.566624;
4868.74;0.281908;-0.102606;0;-118.177;41.0424;77.1345;-162338;53310;105221;-107.442;36.7566;70.6858;1;0.641026;1.15385;1.24277;-0.376333;0.264957;627.507;567.074;46.9679;4.33082;-1.01821;-0.283268;
4901.01;0.281908;-0.102606;0;-118.177;41.0424;77.1345;-162946;53504;105608;-110.27;36.7566;67.8584;1.10256;0.564103;0.794872;1.09482;-0.478718;0.0854701;627.507;567.074;46.9679;0;0;0;
4932.94;0.281908;-0.102606;0;-118.177;41.0424;77.1345;-164185;53913;106423;-104.615;36.7566;70.6858;1.30769;0.641026;0.846154;1.24277;-0.581256;0.0598291;626.613;565.06;47.8061;3.70502;-1.6347;0.838192;
4964.79;0.281908;-0.102606;0;-118.177;41.0424;77.1345;-165393;54316;107240;-107.442;33.9292;70.6858;1.20513;0.461538;0.820513;1.16879;-0.435923;0.025641;626.165;563.494;48.9482;2.51082;-1.62899;1.14216;
4994.98;0.281908;-0.102606;0;-118.177;41.0424;77.1345;-166625;54704;108038;-104.615;36.7566;70.6858;1.58974;0.717949;0.717949;1.33154;-0.76918;-0.051282;624.823;561.704;49.2078;4.01916;-0.875475;0.259541;
5024.93;0.281908;-0.102606;0;-118.177;41.0424;77.1345;-167260;54905;108462;-107.442;33.9292;73.5133;0.923077;0.74359;0.820513;1.00605;-0.530128;0.213675;623.928;559.69;49.782;3.64654;-1.7614;0.574238;
5056.92;0.281908;-0.102606;0;-118.177;41.0424;77.1345;-168492;55301;109240;-107.442;36.7566;65.031;0.794872;0.307692;1.10256;1.09482;-0.102769;0.205128;623.928;557.005;49.782;3.18508;-3.76664;0;
5087.82;0.281908;-0.102606;0;-118.177;41.0424;77.1345;-169751;55715;110042;-104.615;36.7566;67.8584;0.871795;0.384615;1.05128;1.10962;-0.196769;0.188034;623.256;554.544;49.4842;3.87677;-2.63491;-0.297775;
5119.78;0.281908;-0.102606;0;-118.177;41.0424;77.1345;-170994;56135;110840;-104.615;39.5841;67.8584;0.871795;0.410256;0.74359;0.932077;-0.316333;0.0940171;622.361;552.754;49.4842;3.38867;-1.42985;-1.90735e-05;
5150.93;0.281908;-0.102606;0;-118.177;41.0424;77.1345;-171588;56332;111231;-104.615;36.7566;67.8584;1.30769;0.589744;1;1.33154;-0.495821;0.0940171;621.914;551.859;50.342;1.68348;-0.740253;0.857838;
5182.03;0.281908;-0.102606;0;-118.177;41.0424;77.1345;-172817;56734;112033;-107.442;33.9292;67.8584;1.07692;0.641026;0.666667;1.00605;-0.56418;0.0769231;621.019;549.621;50.3484;3.89142;-2.11388;0.00635529;
5213.8;0.281908;-0.102606;0;-118.177;41.0424;77.1345;-174053;57146;112851;-113.097;36.7566;67.8584;1.02564;0.461538;0.692308;0.991256;-0.418846;0.042735;620.571;547.607;49.766;3.01835;-2.2923;-0.58242;
5245.01;0.281908;-0.102606;0;-118.177;41.0424;77.1345;-174659;57342;113236;-107.442;36.7566;65.031;1.10256;0.589744;1.07692;1.25756;-0.401897;0.188034;620.347;544.475;50.0419;4.01163;-4.14676;0.275955;
5275.26;0.281908;-0.102606;0;-118.177;41.0424;77.1345;-175923;57769;114026;-107.442;39.5841;70.6858;1.12821;0.205128;0.871795;1.154;-0.222205;-0.017094;620.347;542.685;50.901;2.07392;-2.55205;0.859024;
5305.16;0.281908;-0.102606;0;-118.177;41.0424;77.1345;-177170;58199;114835;-104.615;33.9292;73.5133;0.974359;0.307692;0.615385;0.917282;-0.324769;-0.017094;620.347;542.685;50.901;0;0;0;
5335.81;0.281908;-0.102606;0;-118.177;41.0424;77.1345;-177764;58394;115224;-104.615;33.9292;70.6858;1.20513;0.615385;0.717949;1.10962;-0.572692;0.0427351;619.676;542.014;51.4588;1.73462;-0.194874;0.557793;
5366.62;0.281908;-0.102606;0;-118.177;41.0424;77.1345;-179005;58784;116028;-113.097;33.9292;70.6858;1.07692;0.538462;0.666667;1.00605;-0.495769;0.042735;618.334;540.448;51.7457;3.72186;-0.729695;0.286949;
5398.54;0.281908;-0.102606;0;-118.177;41.0424;77.1345;-180203;59176;116825;-104.615;33.9292;70.6858;1.20513;0.615385;0.820513;1.16879;-0.538538;0.0769231;617.439;539.329;51.4589;2.56898;-0.581342;-0.286797;
5429.93;0.281908;-0.102606;0;-118.177;41.0424;77.1345;-181451;59590;117621;-110.27;39.5841;70.6858;1.20513;0.410256;0.564103;1.02085;-0.487103;-0.0769231;616.32;536.867;52.0221;4.40552;-2.29717;0.563198;
5461.04;0.281908;-0.102606;0;-118.177;41.0424;77.1345;-182054;59804;118041;-101.788;36.7566;70.6858;1.17949;0.435897;0.538462;0.991256;-0.504205;-0.0683761;615.425;535.301;52.3018;3.06292;-1.26943;0.279701;
5493.11;0.281908;-0.102606;0;-118.177;41.0424;77.1345;-183295;60198;118831;-113.097;36.7566;67.8584;0.641026;0.666667;0.615385;0.724949;-0.453205;0.213675;614.083;533.287;52.2626;4.2183;-1.41357;-0.039238;
5524.26;0.281908;-0.102606;0;-118.177;41.0424;77.1345;-184537;60613;119643;-107.442;39.5841;65.031;1.07692;0.564103;0.794872;1.08003;-0.47018;0.0940171;613.635;531.05;52.891;3.13691;-2.78126;0.628399;
5556.18;0.281908;-0.102606;0;-118.177;41.0424;77.1345;-185791;61022;120445;-110.27;36.7566;67.8584;0.666667;0.307692;1.07692;1.00605;-0.0686154;0.239316;612.964;529.26;53.1666;2.96023;-1.89141;0.275665;
5586.31;0.281908;-0.102606;0;-118.177;41.0424;77.1345;-186394;61231;120826;-101.788;36.7566;67.8584;1.20513;0.25641;0.923077;1.22797;-0.264949;-0.00854701;612.964;527.694;54.0069;1.69108;-2.32817;0.840282;
5617.63;0.281908;-0.102606;0;-118.177;41.0424;77.1345;-187615;61648;121607;-107.442;33.9292;67.8584;1.17949;0.461538;0.846154;1.16879;-0.418846;0.042735;611.621;527.246;54.5534;2.48971;0.763201;0.546448;
5648.81;0.281908;-0.102606;0;-118.177;41.0424;77.1345;-188827;62046;122402;-104.615;36.7566;65.031;1.05128;0.564103;1.07692;1.22797;-0.367718;0.196581;610.726;526.575;55.3765;2.05616;-0.0787938;0.823105;
5679.6;0.281908;-0.102606;0;-118.177;41.0424;77.1345;-189457;62242;122783;-104.615;36.7566;65.031;1.35897;0.461538;0.846154;1.27236;-0.478615;-0.017094;610.055;525.456;55.9243;2.17491;-1.01026;0.547844;
5711.51;0.281908;-0.102606;0;-118.177;41.0424;77.1345;-190692;62648;123575;-101.788;31.1018;76.3407;1.5641;0.589744;0.923077;1.4351;-0.60682;-0.017094;609.608;524.785;57.0765;1.36144;-0.587631;1.15221;
5742.66;0.281908;-0.102606;0;-118.177;41.0424;77.1345;-191877;63036;124374;-107.442;36.7566;67.8584;1.25641;0.538462;0.974359;1.28715;-0.453077;0.0854701;608.936;524.114;58.2898;1.69916;-0.399656;1.21332;
5773.79;0.281908;-0.102606;0;-118.177;41.0424;77.1345;-193108;63443;125136;-104.615;36.7566;67.8584;1.33333;0.512821;1.20513;1.46469;-0.384744;0.128205;609.384;522.771;58.2898;0.595747;-2.53117;3.8147e-06;
5803.64;0.281908;-0.102606;0;-118.177;41.0424;77.1345;-193710;63658;125532;-110.27;33.9292;67.8584;1.15385;0.410256;1.05128;1.27236;-0.307795;0.102564;609.384;522.771;58.2898;0;0;0;
5833.92;0.281908;-0.102606;0;-118.177;41.0424;77.1345;-194950;64058;126292;-107.442;36.7566;65.031;1.20513;0.538462;1.05128;1.30195;-0.410385;0.128205;608.936;521.876;58.4945;1.56143;-0.971406;0.204643;
5864.83;0.281908;-0.102606;0;-118.177;41.0424;77.1345;-195581;64262;126704;-104.615;33.9292;73.5133;1.02564;0.487179;0.923077;1.12441;-0.359103;0.128205;608.041;521.429;59.3756;1.83631;0.131642;0.881134;
5896.8;0.281908;-0.102606;0;-118.177;41.0424;77.1345;-196822;64655;127482;-107.442;31.1018;67.8584;1.15385;0.692308;1.02564;1.25756;-0.504462;0.188034;607.818;520.758;59.9147;0.974534;-0.860646;0.539059;
5928.4;0.281908;-0.102606;0;-118.177;41.0424;77.1345;-198046;65056;128275;-101.788;36.7566;70.6858;1.35897;0.717949;0.692308;1.18359;-0.700872;0.017094;606.922;520.086;61.4049;2.03657;-0.294399;1.49024;
5960.45;0.281908;-0.102606;0;-118.177;41.0424;77.1345;-199290;65455;129088;-110.27;36.7566;67.8584;0.692308;0.512821;0.769231;0.843308;-0.316436;0.196581;606.027;519.415;61.6737;2.03511;-0.303851;0.26878;
5990.58;0.281908;-0.102606;0;-118.177;41.0424;77.1345;-199898;65647;129475;-115.925;33.9292;73.5133;1.23077;0.897436;0.897436;1.22797;-0.70959;0.188034;605.356;518.52;61.9387;1.86351;-0.869939;0.265011;
